"","Time","Abundance"
"1",21.2236677753917,1.42306112867028
"2",30.2934613279438,1.66521634997715
"3",35.2406214475177,3.23861281861043
"4",45.1349416866654,13.9741256842563
"5",55.0292619258132,34.2772363309334
"6",65.3358455082587,114.039786398428
"7",80.5895892102781,216.173014040608
"8",102.439546405063,534.012929278506
