"","Time","Abundance"
"1",12.621359223301,1.75581596278319
"2",25.2427184466019,2.62406436044668
"3",31.0679611650485,3.47255978857081
"4",35.4368932038835,8.35084389131314
"5",45.1456310679611,31.9292402049209
"6",55.3398058252427,61.6829097771801
"7",65.0485436893204,316.115744384019
"8",80.0970873786408,1382.58442896136
"9",102.427184466019,1487.5419783043
"10",10.6796116504854,1.16102605157061
