"","Time","Abundance"
"1",20.873378121955,1.44166265390049
"2",26.7788091697011,2.61770538496053
"3",32.8107851684702,3.40391760656917
"4",39.0536694189446,8.23788049505278
"5",51.0051370155735,30.6643124700479
"6",62.6753936099288,57.770296470268
"7",75.4423731131512,276.461056108274
"8",92.7930919534336,1216.8761801146
"9",116.822572097714,1323.05983859723
