"","Time","Abundance"
"1",11.6746649624872,1.79945626374693
"2",24.6926753129887,2.20431214422635
"3",30.3829376988998,5.04942266825287
"4",36.2311004798978,15.5218211256776
"5",46.1086474170034,47.3227844000015
"6",57.1265860964036,268.356392521146
"7",67.3316301492451,710.541288601023
"8",82.8760468211378,2245.81828375563
"9",104.958709482186,3917.99664787882
