"","Time","Abundance"
"1",11.522633744856,1.3990470809735
"2",16.0493827160494,4.57947162671147
"3",21.3991769547325,9.99841831788355
"4",25.5144032921811,19.6748516209281
"5",29.2181069958848,55.1732878698057
"6",35.3909465020576,190.569703114517
"7",40.3292181069959,395.114406438633
"8",47.3251028806584,457.148147924797
