"","Time","Abundance"
"1",75.7657657657658,1.16327850376263
"2",153.183154691694,1.66345425676314
"3",231.880053677967,7.05293674905364
"4",312.320460878336,131.774564175277
"5",391.228268116314,669.459904131128
"6",469.812682701677,2583.71434536167
"7",546.766073473854,2492.71799170009
