"","Time","Abundance"
"1",20.5761316872428,1.55226495452154
"2",25.1028806584362,2.98888319525277
"3",30.0411522633745,4.62738780866949
"4",35.3909465020576,7.09093936396966
"5",44.8559670781893,44.3336571003828
"6",55.1440329218107,123.042265073064
"7",65.0205761316872,693.444785699305
"8",79.8353909465021,909.144254955221
"9",101.646090534979,1364.78545116315
