"","Time","Abundance"
"1",13.2244388601125,1.0575202349539
"2",37.5773116570081,1.51208836427787
"3",50.5692599620494,2.32321036236188
"4",65.1500504299366,5.68843150244995
"5",79.8433252987334,37.1254791801083
"6",93.6507855103682,73.3682626538371
"7",106.839581517001,133.358871098156
"8",120.478315127272,228.343049587776
"9",131.628331367421,430.208436041319
"10",171.208779937433,693.898361188015
"11",184.650665846112,1005.07702481194
"12",213.390430278476,1119.21443293912
