"","Time","Abundance"
"1",48.433048433048,1.24196893589204
"2",96.6678595988932,1.37782494313134
"3",144.902670764738,1.77937571731938
"4",168.813944676012,2.60969040403681
"5",217.048755841857,5.49697834862529
"6",265.283567007702,10.6181248065671
"7",313.930641516845,31.3541405479198
"8",386.488989937262,196.676220459069
"9",458.635075014381,368.920393982248
"10",555.286093217122,397.720050373456
