"","Time","Abundance"
"1",3.48723706908999,1.44156488121537
"2",15.6221748396608,3.24180042152828
"3",21.5697563879358,11.9856055556239
"4",26.0494490781803,27.4558826044547
"5",30.7981572563507,103.74052342937
"6",37.8276489191102,640.295821526116
"7",43.8395602579762,1260.93999989287
"8",49.9684348524621,1457.57570667663
"9",12.5168004029509,1.92148140599436
"10",12.4992559146079,1.85990051073915
