"","Time","Abundance"
"1",18.4560103421249,1.12826608888181
"2",16.8931551284792,1.67062170313973
"3",31.4332902411467,2.52463791773547
"4",38.59172528222,6.80877395866484
"5",49.2247223607733,17.6910236058179
"6",60.932182398708,48.8721642421126
"7",71.8861229586349,108.261664080835
"8",88.1705161222461,201.637004020163
"9",111.39007929641,343.945793528254
