"","Time","Abundance"
"1",12.621359223301,1.71359197515346
"2",15.5339805825243,2.65621892519805
"3",20.3883495145631,5.38471769726416
"4",25.7281553398058,18.2219613106757
"5",29.126213592233,40.7477803126806
"6",35.4368932038835,112.116984446133
"7",40.7766990291262,527.579303883083
"8",48.0582524271845,540.60521484755
