"","Time","Abundance"
"1",48.1481481481482,1.02448651803252
"2",95.4732510288066,1.20966490530839
"3",143.20987654321,1.53621504398843
"4",167.078189300412,2.35285037403453
"5",214.40329218107,3.99992541831896
"6",262.139917695473,13.2446366750439
"7",309.876543209877,55.1732878698057
"8",381.069958847737,151.540967124411
"9",452.674897119342,330.991835942636
"10",547.736625514403,371.175842809525
