"","Time","Abundance"
"1",3.08408067028759,1.31948216289888
"2",15.4519809692222,1.72422441872106
"3",20.8114044320939,2.67017788459974
"4",24.9340378650722,10.52467553872
"5",29.0566712980504,33.7650558082262
"6",35.2406214475177,81.757797978494
"7",41.0123082536872,271.303718633824
"8",47.1962584031545,425.243155477204
