"","Time","Abundance"
"1",24.5217745217743,1.0077756252628
"2",36.4774114774112,1.04829679892761
"3",48.0207850897502,2.38115266250253
"4",59.976422045387,4.5512609009708
"5",72.3443223443217,22.9048717246095
"6",84.2999592999585,47.7879369171769
"7",96.2555962555953,89.4338772037808
"8",108.211233211232,165.565597530202
"9",118.517816793678,260.128739263052
"10",154.384727660588,428.558972387333
"11",166.752627959523,422.356558923598
"12",193.962008617179,260.190914882533
