"","Time","Abundance"
"1",149.791664545988,3.20005755335608
"2",225.729683051877,19.760653489242
"3",302.225864134068,128.245771210073
"4",377.982479802658,434.204172830286
"5",452.511137803384,498.945226342708
"6",526.830484837997,476.889816988239
