"","Time","Abundance"
"1",8.35948852077888,1.40769239511243
"2",12.7745012564747,1.74474043655769
"3",17.4144827939895,2.61770538496055
"4",23.4464587927586,5.29504052597963
"5",28.986315537549,17.0741696135858
"6",34.1043557789289,38.4806165674281
"7",42.034506043045,103.75893763729
"8",49.528779253637,467.747892089707
"9",56.7559020120691,445.913036611173
