"","Time","Abundance"
"1",71.604938271605,1.25575737207927
"2",143.20987654321,1.71515685897227
"3",214.320987654321,10.7544478419638
"4",285.925925925926,82.4788291253005
"5",357.037037037037,322.147869374364
"6",428.641975308642,474.6165603742
"7",500.246913580247,369.632508621277
