"","Time","Abundance"
"1",144.174757281553,5.51758221563996
"2",215.533980582524,29.6766234068328
"3",287.378640776699,290.250267099188
"4",359.223300970874,742.305382036082
"5",431.067961165048,1399.54840140969
"6",502.912621359223,935.861115591349
