"","Time","Abundance"
"1",50.1333829085253,1.03262323673449
"2",153.140973041353,1.03262323673449
"3",178.421842145751,1.34214001003703
"4",231.486358274783,3.24517910607959
"5",284.227481751201,14.4440543124029
"6",337.629451082962,112.812586784571
"7",416.241986768552,445.913036611173
"8",494.03901054755,881.260964228077
"9",597.637143785152,2265.42431189115
