"","Time","Abundance"
"1",13.2930065113312,0.999674569528243
"2",37.0986403906121,1.83247749457169
"3",50.5782666083057,4.10248914924439
"4",63.0950623818783,6.12999448922731
"5",77.4817027860626,19.6041314907132
"6",90.8776046173109,40.8103354010252
"7",103.2409056824,53.2883306872523
"8",116.734485964502,188.127249741187
"9",127.102355819311,248.825933859904
"10",165.266721973961,378.444147361769
"11",177.992828713647,680.028819566796
"12",206.138176623676,438.955899976166
