"","Time","Abundance"
"1",23.8683127572017,0.982816837218649
"2",37.037037037037,1.05689818337031
"3",59.6707818930041,2.35285037403453
"4",71.604938271605,15.4839681859402
"5",83.9506172839506,43.4196646124764
"6",95.4732510288066,78.620070840612
"7",107.818930041152,260.476640693054
"8",117.283950617284,411.925155494599
"9",153.086419753086,624.846173358849
"10",165.432098765432,819.207595422651
