"","Time","Abundance"
"1",142.065302327619,2.13963884139251
"2",166.288392566512,2.21747989042293
"3",213.436280906918,4.27874434358567
"4",261.970183826421,24.2491609113823
"5",310.001144746757,53.9585266133258
"6",381.723013092917,207.400069214092
"7",453.427336950733,771.615038213966
"8",547.652935678173,563.0612467151
"9",47.8046146234928,1.29847874238098
