"","Time","Abundance"
"1",72.3443223443217,1.68780776864999
"2",144.902670764738,3.02920552572768
"3",217.461019185155,17.0292126027338
"4",289.607104262274,143.225643073194
"5",362.165452682691,722.865235622936
"6",434.723801103107,897.193696318026
"7",506.869886180226,905.487055174464
