"","Time","Abundance"
"1",72.3300970873786,1.07934886979259
"2",96.1165048543689,1.42770342364813
"3",144.174757281553,1.98309805393445
"4",167.47572815534,2.56091974928701
"5",215.533980582524,9.31919211746049
"6",263.592233009709,30.0407070724541
"7",311.650485436893,84.6957094014338
"8",383.495145631068,266.501198744295
"9",454.854368932039,534.052546714306
"10",550.970873786408,610.720721443377
