"","Time","Abundance"
"1",49.0991357811053,1.11873218079897
"2",98.9151457160599,1.18753601968289
"3",148.828834101867,2.1353236070393
"4",174.378726032092,4.82405472173268
"5",225.464555828134,15.649304559264
"6",276.438753108915,46.0325794736815
"7",327.21759348799,114.029664238874
"8",401.774159617531,208.970037025703
"9",476.470266391148,278.251167876325
"10",576.367413484801,396.057081170741
