"","Time","Abundance"
"1",11.3471678467513,0.980139639189339
"2",35.558561760083,0.993944926592643
"3",59.8693744406917,5.42322982862208
"4",72.9049292795362,30.7756283453721
"5",84.8585740038961,104.740251018802
"6",97.3034644018599,198.221603893233
"7",109.619695218642,295.299677083284
"8",119.719472341425,1361.33822650741
"9",155.486835910009,2242.66836102879
"10",167.838155703477,3566.34796383118
"11",194.043773125129,1637.08764205025
