"","Time","Abundance"
"1",141.807983165255,1.32711615235827
"2",214.494798370279,14.4633409792488
"3",286.620189948327,117.735798851155
"4",359.154952921045,2052.63707966347
"5",431.093203290102,11799.716737297
"6",501.557716638347,4374.86963851107
