"","Time","Abundance"
"1",22.5026890203144,2.79188111887193
"2",27.8331416239987,8.83779320794587
"3",32.5775235225657,26.0080611246656
"4",40.140626431458,64.4057193530722
"5",46.6711285741916,242.248040590264
"6",54.3319099339367,269.989693476122
