"","Time","Abundance"
"1",218.041237113402,46.3391768049381
"2",191.752577319588,42.9314815452317
"3",168.556701030928,39.3964533160033
"4",142.268041237113,29.0248966584223
"5",115.979381443299,13.3947265196748
"6",46.3917525773196,2.74779639623404
"7",23.1958762886598,2.74779639623404
"8",3.09278350515464,2.74779639623404
