"","Time","Abundance"
"1",237.5,200.392443976414
"2",214.0625,191.065649904185
"3",189.0625,191.142148536168
"4",93.7499999999999,138.089342407114
"5",68.7499999999999,105.562513921088
"6",49.9999999999999,54.4197780502008
"7",21.875,33.0372976915817
"8",3.12499999999997,2.77424445362529
