"","Time","Abundance"
"1",269.948163136315,524.615203093873
"2",245.893888339373,837.599762954263
"3",225.134517276903,887.790881451279
"4",215.540388017189,959.703853582035
"5",194.803179984322,931.709322379315
"6",172.489934290722,836.600688415873
"7",143.801123747686,729.458588888009
"8",80.1489027248214,360.996816503234
"9",73.8127388169047,299.888765478918
"10",47.7194652963895,4.98439739237049
"11",30.3165619395114,2.74971811686047
