"","Time","Abundance"
"1",458.536585365854,682.356701963201
"2",439.024390243902,655.269781480433
"3",362.60162601626,744.003206806915
"4",341.463414634146,714.430560766866
"5",294.308943089431,645.661919567963
"6",271.544715447154,566.786878929921
"7",200,198.612455508623
"8",144.715447154472,153.001812321967
"9",110.569105691057,63.5914678747797
"10",92.6829268292683,29.2162479677672
"11",71.5447154471544,5.31555804162838
"12",1.6260162601626,2.74908623202666
