"","Time","Abundance"
"1",189.0625,222.902012411058
"2",167.1875,225.132636458795
"3",143.75,225.217140316356
"4",117.1875,218.911764820275
"5",45.3124999999999,134.270331045766
"6",23.4375,95.9626192599063
"7",1.56249999999994,2.77431377770239
