"","Time","Abundance"
"1",91.2371134020619,646.332083131449
"2",69.5876288659794,533.972284290516
"3",46.3917525773196,337.652817213208
"4",23.1958762886598,51.9645678693145
"5",3.09278350515464,2.74779639623404
