"","Time","Abundance"
"1",241.974767828982,381.20355473983
"2",213.874773669762,389.089010577862
"3",193.224694819228,295.125546745847
"4",97.2519128555575,171.875310175653
"5",74.5721628409556,88.9306917399405
"6",25.3723497459262,3.69068333059741
"7",3.14818059692777,2.77380306096855
