"","Time","Abundance"
"1",117.073170731707,616.791973991717
"2",99.1869918699187,681.012918590879
"3",69.9186991869918,715.106108971821
"4",73.170731707317,666.998932097279
"5",47.1544715447154,263.813468094916
"6",43.9024390243902,170.154613229973
"7",27.6422764227642,22.9530537553098
"8",16.260162601626,5.80330201376151
"9",1.6260162601626,2.74908623202666
