"","Time","Abundance"
"1",337.222808220022,192.278189737347
"2",290.968565436345,175.983880633154
"3",246.280510078022,181.078757585509
"4",268.610993683537,188.352802748307
"5",172.945507677027,137.632738540992
"6",150.639649659962,120.019158316546
"7",123.573665395713,94.0032339391353
"8",75.9527024531191,34.7279866556073
"9",1.59327557264757,2.74843584269668
