"","Time","Abundance"
"1",217.104725191286,424.003572971869
"2",190.567139769873,432.74204651762
"3",168.646691197944,416.93434068256
"4",145.175515448864,405.59504124856
"5",120.13024940132,390.837406996257
"6",48.7821973015595,167.400921101423
"7",24.8525202967116,31.1280298180826
"8",3.15986215758426,2.80042843474666
