"","Time","Abundance"
"1",239.0625,147.351947387496
"2",212.5,132.631034205708
"3",187.5,122.868507073418
"4",162.5,121.742475778838
"5",92.1874999999999,89.6227363614469
"6",49.9999999999999,58.2052136275928
"7",20.3124999999999,8.05027237905917
"8",3.12499999999997,2.77424445362529
