"","Time","Abundance"
"1",266.949944512587,373.533730967766
"2",240.318906605923,353.148940223105
"3",216.695870568308,303.3764028883
"4",193.131242333976,273.385457103435
"5",97.4388178260616,200.297652775796
"6",72.241691489983,170.442870579473
"7",51.3112551836925,102.76514232065
"8",3.14818059692777,2.77380306096855
