"","Time","Abundance"
"1",213.598454027665,262.866389333474
"2",187.622050447518,252.161068006926
"3",158.228234336859,252.423698414153
"4",90.6326281529699,213.473352064069
"5",78.4682668836452,200.376147523424
"6",69.6297803091945,163.799973470561
"7",51.8917819365337,102.699249151809
"8",49.6847030105777,62.3366157548732
"9",17.3006509357201,2.74906829007304
"10",1.73921887713601,2.75058186063371
