"","Time","Abundance"
"1",169.75106921612,200.234484888902
"2",149.532999122811,207.928232139839
"3",129.353107203403,189.012435236233
"4",144.924348130406,171.914836401499
"5",120.037632771417,181.933472014246
"6",53.4330813876857,80.2442935854199
"7",41.0769881056808,60.8987946215128
"8",26.2202244331223,5.55098569841063
"9",3.10334013571435,2.77396001277693
