"","Time","Abundance"
"1",342.275510064948,210.556228879901
"2",292.589343744461,173.963368230363
"3",273.909308656901,191.255285295511
"4",245.968339385786,167.349098374147
"5",174.591516264357,107.950931234411
"6",149.846605551288,69.687190866265
"7",125.308947782257,21.8451306499802
"8",97.7933924489027,4.34106887772229
"9",79.2715240817922,2.75106139739729
"10",1.5516700678572,2.74768013775293
