"","Time","Abundance"
"1",99.5423108218064,281.302859759973
"2",78.7123677786818,258.571938922205
"3",70.0061025223759,242.678039707927
"4",45.5756712774613,192.262881441645
"5",52.4308380797396,180.345505132472
"6",25.772986167616,13.9505654154682
"7",3.46826688364524,2.75041364493153
