"","Time","Abundance"
"1",588.617886178862,2.80314277665359
"2",494.308943089431,2.76671448798512
"3",416.260162601626,2.78716077396745
"4",325.20325203252,2.77875431570438
"5",222.764227642276,2.76932739091411
"6",201.626016260162,2.7673861414613
"7",43.9024390243902,2.80828848993996
"8",27.6422764227642,2.80677406388122
"9",14.6341463414634,2.77778021187201
"10",3.2520325203252,2.77673155933229
