"","Time","Abundance"
"1",334.020618556701,646.332083131449
"2",310.824742268041,616.199662468289
"3",269.072164948454,634.106215815743
"4",290.721649484536,628.080281108523
"5",244.329896907216,598.798775808178
"6",171.649484536082,428.687968489184
"7",148.453608247423,385.945573103524
"8",123.711340206186,289.815173395988
"9",98.9690721649485,174.719016611458
"10",72.680412371134,32.8604909401581
"11",1.54639175257734,2.72171648434646
