"","Time","Abundance"
"1",236.59793814433,237.158067995436
"2",213.40206185567,251.141682118149
"3",190.20618556701,295.402910856923
"4",92.7835051546392,255.983772363766
"5",64.9484536082474,173.058679012445
"6",52.5773195876289,131.20089030351
"7",26.2886597938144,9.40906983829512
"8",3.09278350515464,2.72171648434646
