"","Time","Abundance"
"1",184.815714525046,0.295987847376771
"2",160.563746021109,0.295987847376771
"3",145.054447981236,0.354498485674643
"4",113.728011392193,0.303966570781026
"5",81.9324845032669,0.248115506951239
"6",42.6901491037024,0.139072953759749
"7",24.1669458870832,0.107158060142728
"8",19.6314290500921,0.0885410388661327
"9",17.03970514324,0.0779027409937924
"10",9.54012397386495,0.0459878473767709
"11",6.38255989277931,0.0273708261001752
"12",1.94379293013904,0.0114133792916646
