"","Time","Abundance"
"1",0.00324825986078903,36.3749620061484
"2",0.198143851508121,123.314657531131
"3",0.652900232018562,3349.82323672973
"4",0.805568445475638,4959.15881628869
"5",1.00371229698376,7345.385807414
"6",1.20510440835267,8212.80864305139
"7",1.40324825986079,7494.40267724856
