"","Time","Abundance"
"1",0.00229697760937597,36.2700449010338
"2",2.02145808997477,151.428918178371
"3",4.20570710590638,1010.45539417331
"4",5.01171065935037,2350.9354196628
"5",5.80316668793498,4292.52866819743
"6",0.99677048874579,50.3639896603236
"7",2.99131271288761,409.609298782816
