"","Time","Abundance"
"1",0.0190097237319065,36.327794160787
"2",1.04184598434956,252.11633139445
"3",1.85006664469769,1861.81723400212
"4",2.6464830781489,5528.90644437791
"5",3.7528588362016,9203.08658377528
