"","Time","Abundance"
"1",0.000541871921182158,81.9649654067194
"2",0.200788177339901,168.177576307732
"3",0.644827586206897,5928.34627873637
"4",0.792832512315271,10903.8946855023
"5",0.994532019704434,8899.50010297909
"6",1.19571428571429,10084.4543174397
