"","Time","Abundance"
"1",-0.0136692870497868,44.2649784938923
"2",0.986922524994899,36.4915453135765
"3",2.01193051183886,44.6512266154483
"4",3.01421920089662,44.4943671969067
"5",4.97915564656775,56.0064771618868
"6",6.99108615840661,126.474270069323
"7",7.97772587056599,226.153174544032
"8",9.00641042427163,417.31705740478
