"","Time","Abundance"
"1",-0.00753320557721704,35.7862036319039
"2",0.991607744663979,32.5821193360807
"3",2.00713672107315,43.7941779285099
"4",3.01367871539021,89.4649228941265
"5",4.00819401308399,199.316890770653
"6",4.98539615410031,271.881191200132
"7",6.01744531817881,547.371391657688
