"","Time","Abundance"
"1",0,60.2022966653937
"2",1.0092807424594,101.440859140545
"3",1.98375870069606,303.105246532732
"4",2.99303944315545,748.207380637033
"5",3.97911832946636,2271.45516709662
"6",4.28074245939675,4569.7577523206
"7",5,7585.67999540548
