"","Time","Abundance"
"1",0.00104912922274547,100.318420946449
"2",0.30319834537334,331.316404650298
"3",0.797607985372142,2282.5375880119
"4",1.19996402985522,5140.25740629114
"5",1.4012669484328,9341.59525816327
"6",1.80766963420361,9485.78457332525
