"","Time","Abundance"
"1",-0.876301207061971,92.8397222186298
"2",7.77216168616386,55.2126763760815
"3",24.7082575638254,47.330653562241
"4",32.0852245879809,71.8629323646311
"5",49.9606237202709,75.8811966839665
"6",73.8212173713827,104.03875905929
"7",99.0621286100889,150.29849178415
"8",124.320222225404,253.84810785384
"9",195.002792136199,764.8505898582
"10",265.513538280903,483.047123898764
"11",337.473331519638,600.53199513834
