"","Time","Abundance"
"1",339.686369119421,50220.3645912902
"2",266.344993968637,19734.2318509655
"3",218.576598311218,14993.691792427
"4",166.465621230398,2884.29031644707
"5",94.0892641737033,165.655584996384
"6",70.9288299155609,81.0970632427517
"7",46.8033775633293,68.7735465748548
"8",31.3630880579011,119.133964357711
"9",0.48250904704463,44.3133640256884
