"","Time","Abundance"
"1",33.2931242460796,1378078595.67298
"2",29.4330518697226,1625028528.85639
"3",25.5729794933655,1716814307.69495
"4",22.6779252110977,2138812239.27362
"5",18.8178528347406,674626882.727421
"6",12.0627261761158,26374602.7501746
"7",7.72014475271413,477788.327602241
"8",5.7901085645356,42588.5509880958
"9",3.37756332931245,2445.97527145341
"10",1.44752714113389,320.29469462593
"11",0,49.4602020067518
