"","Time","Abundance"
"1",1.19291527046427,1.84093277338139
"2",73.4715174724748,1.71667233045353
"3",167.765438008617,3.05606688704778
"4",240.097654380086,2.64096062778438
"5",334.418382000957,4.52740122833266
"6",406.804212541886,3.62564105031372
"7",503.034944949737,4.03275845055131
