"","Time","Abundance"
"1",1.18956438487308,1.84969814426372
"2",73.2570607946385,2.32666050570067
"3",169.199617041647,3.89472239896949
"4",239.71565342269,4.54085985079742
"5",336.067017711824,4.25613157688847
"6",406.549545236956,5.20397354687929
"7",502.833891814265,5.36434902572949
