"","Time","Abundance"
"1",0.0638097966962619,1.1231465452917
"2",95.6811109408214,1.73664900791411
"3",168.615708564613,2.44316255059247
"4",267.514176623065,4.05827686811254
"5",338.813228405222,5.55105998825799
"6",434.081254872694,5.24906435037932
