"","Time","Abundance"
"1",0.067168207048681,1.1284657231219
"2",97.4174090930294,2.05911224522126
"3",168.635859026728,2.5135330530255
"4",267.2858047191,2.94118311008313
"5",338.390068700815,3.05674307488532
"6",433.429723264322,2.09514637271169
