"","Time","Abundance"
"1",0.0638097966962192,1.1231465452917
"2",97.2494885754077,1.62540800002048
"3",170.106842761093,2.05079192609511
"4",265.576373849711,2.57606677752144
"5",338.628515835838,4.2781254421651
"6",435.330583523799,3.13280971342525
"7",506.545675047145,3.80651180893552
