"","Time","Abundance"
"1",1.19291527046431,1.8409327733814
"2",73.3508855911919,2.03682912133372
"3",169.303494494974,3.36099028432388
"4",239.866443274294,3.66616082936695
"5",336.013403542365,4.59259134858164
"6",408.117759693633,5.48363044528249
"7",502.800382958354,5.62563935621816
