"","Time","Abundance"
"1",-1.04261935247851,1.03724887310483
"2",73.5526797146515,1.38979563856487
"3",98.4749405524053,1.67292694517548
"4",123.790978192387,3.6902870449676
"5",151.977775745381,10.5029616024773
"6",177.814614962502,25.8240626963384
"7",203.244974899904,68.0017933528256
"8",226.217405442758,130.951969450506
"9",252.670314818202,207.373933369667
"10",275.712608987257,222.069159504204
"11",301.447828384448,233.199115784287
"12",329.253551612707,184.408752664858
