"","Time","Abundance"
"1",73.3621425522834,1.03724887310483
"2",148.281354795439,2.28647629739057
"3",224.394599922769,31.7115537189569
"4",298.856522976241,138.86671130882
"5",373.712222831941,138.866711308818
"6",448.23765827287,167.226237759889
"7",522.324858240351,102.546380035124
