"","Time","Abundance"
"1",5.8923128596924,1.99224690043725
"2",12.8323708115262,4.51390651284474
"3",20.414736609918,11.7063416696531
"4",29.1250576510458,63.9292473842063
"5",37.4123954761475,352.76491143527
"6",45.0730914997293,721.677586045064
"7",52.3891345324751,1570.6398854069
"8",59.0942018087389,3050.33790836796
"9",65.7836030399647,4390.0074195261
