"","Time","Abundance"
"1",6.74603174603175,1.26623699918121
"2",11.7063492063492,1.85855342029381
"3",17.5685425685425,2.50544367573697
"4",23.4307359307358,20.3133886643264
"5",29.7438672438671,130.335490568269
"6",36.0569985569984,252.773092944932
"7",42.3701298701297,891.732540238097
"8",48.232323232323,1570.89986384054
"9",54.5454545454543,2797.06522980299
