"","Time","Abundance"
"1",-0.891084641761381,0.975890432564542
"2",96.6300457197859,1.97456656881786
"3",122.212697266839,5.204201694006
"4",151.116550361948,21.650852991043
"5",176.887194449458,64.6645128998511
"6",201.874536285067,115.178491849666
"7",225.075948986344,268.219534328531
"8",251.285242334918,336.358501464171
"9",274.189000180473,643.588965923778
"10",299.646323367222,656.213415039668
"11",324.64933124787,371.190729005405
