"","Time","Abundance"
"1",-0.273972602739725,1.00343465588741
"2",17.0706006322445,1.19721129760185
"3",41.4867324456365,22.7357334945768
"4",71.242456173963,1814.43778296799
"5",145.450713669892,1674080.06434276
"6",190.707922214771,1049491.73413491
