"","Time","Abundance"
"1",12.2695770583095,1.48803954630926
"2",18.322307582871,3.99036000355466
"3",24.8386785358617,10.9218826388744
"4",32.3775989268947,36.0108381396764
"5",39.4084202182794,108.744241991667
"6",45.797766396358,244.886906583329
"7",52.1807613356909,546.111512763528
"8",59.5481982805927,690.601984735862
