"","Time","Abundance"
"1",7.4432513184544,1.30608084026091
"2",21.0257123664,4.12536677208396
"3",26.9788094808398,8.6962402368461
"4",33.1668972708497,12.0052702728304
"5",38.7753413944535,20.1646828842594
"6",49.0052688042672,52.9073532072783
"7",58.7025506827889,310.773662224429
"8",76.0605285848924,492.727280178145
"9",85.4288235176162,1744.18732416937
"10",106.969635444866,4319.06197470906
"11",111.951437766949,4797.79926370826
"12",127.460822354569,5349.67742775291
