"","Time","Abundance"
"1",24.7434099546776,1.17742310889472
"2",49.1131130215637,1.21238150594715
"3",148.160681259273,1.89929238096718
"4",173.584689957929,4.94756118847603
"5",224.229467715383,24.5916965572059
"6",274.766274414162,103.554264091337
"7",323.893106111416,199.417503630323
"8",398.488405178546,267.420810059388
"9",472.874113367071,259.688060859031
"10",572.150326199622,289.185913336252
"11",646.739274028006,384.027117727673
