"","Time","Abundance"
"1",36.0569985569986,1.00172671437297
"2",47.7813852813852,9.72096614245931
"3",59.9567099567099,14.4323004511653
"4",72.5829725829725,36.947377643565
"5",84.7582972582971,170.238375372966
"6",96.9336219336217,312.987990244016
"7",108.658008658008,727.908722174696
"8",118.578643578643,1140.1235371324
"9",155.104617604617,1804.95781841239
"10",167.279942279942,3500.58277882094
"11",194.336219336219,3145.874672228
