"","Time","Abundance"
"1",0,1.00343465588741
"2",16.9939649391704,101.62666759313
"3",24.8357122329725,2585.75866952495
"4",43.2436057093591,162102.688962007
"5",50.7404923843279,199847.770741853
"6",75.0838202892997,1032728.15069637
"7",90.9742312482038,1032728.15069637
"8",67.803429447265,234762.852061449
