"","Time","Abundance"
"1",-0.258645464124918,1.03616280314913
"2",41.7300507711466,213.146559543181
"3",73.0683015614522,149563.35022284
"4",144.35673915126,2988990.09609573
"5",190.72708113804,3455107.29802686
