"","Time","Abundance"
"1",5.85482592524845,1.27297404266259
"2",20.7294270674552,2.52106390330097
"3",25.7723106314655,5.72884331279778
"4",31.456669308782,8.72233356229109
"5",36.7345487063797,14.2218551402715
"6",46.6996422982339,30.494970728335
"7",54.2639676442494,52.2199620244819
"8",72.549183992846,153.135221802322
"9",80.1452655325895,275.383820908547
"10",100.977328618174,632.408753855728
"11",107.036410381481,856.404374496774
"12",122.971668394204,1082.99281175986
