"","Time","Abundance"
"1",71.5330415689106,1.3782080550968
"2",146.00941967956,5.64207472780987
"3",223.008031041328,163.210985599886
"4",297.249418476408,429.206867620526
"5",370.112193948144,810.509736893757
"6",443.272624275602,1394.77730004695
"7",514.960446369488,1212.87552663208
