"","Time","Abundance"
"1",48.2323232323232,1.21340795267954
"2",145.183982683983,1.98136552372235
"3",169.98556998557,2.81745836653515
"4",217.784992784993,7.76801685555535
"5",266.035353535353,36.1663511682668
"6",314.285714285714,55.4480508103403
"7",387.337662337662,511.636059354811
"8",459.938672438672,1352.66445815967
"9",556.890331890332,1473.36101762814
"10",629.491341991342,2567.93162422305
