"","Time","Abundance"
"1",-0.258645464124918,1.03616280314913
"2",18.2009771050867,4.06217817711396
"3",18.1473321199349,36.2644999994538
"4",24.9506657725836,329.220635089364
"5",43.1458952006897,23476.2882973353
"6",51.3554938212472,129386.249261177
"7",76.0762525146086,262772.809986449
"8",93.2943768560206,760534.435934259
