"","Time","Abundance"
"1",6.74603174603175,1.09080329358259
"2",19.8232323232323,3.30656892048997
"3",24.7835497835497,9.02073776407819
"4",29.7438672438672,19.0523192240972
"5",35.1551226551225,40.6760716067034
"6",44.6248196248195,134.580465097048
"7",51.3888888888887,495.49758867509
"8",68.5245310245308,992.278150260897
"9",75.739538239538,1622.06467730533
"10",95.5808080808079,3500.58277882092
"11",100.090187590187,6036.35797355866
"12",115.422077922078,6166.72778782831
