"","Time","Abundance"
"1",0,1.00343465588741
"2",41.6055177699013,9.22989171929912
"3",182.609445349171,760534.435934259
"4",237.95574288725,2424462.02051698
"5",262.170706006322,1701254.28328724
