"","Time","Abundance"
"1",217.784992784993,19.8840189081539
"2",290.386002886003,170.238375372964
"3",362.987012987013,845.347387855648
"4",435.137085137085,1268.67611042528
"5",508.189033189033,854.42725755797
"6",580.790043290043,727.908722174691
