"","Time","Abundance"
"1",47.4073322103912,1.02396326812041
"2",95.4550923419359,1.21569973431518
"3",144.521145400951,2.11489938391529
"4",171.31008241593,12.3543288963553
"5",221.551088852794,46.7195418598079
"6",271.384778118671,135.050077996204
"7",319.918185646394,221.037612720079
"8",392.812293208206,319.061393891491
"9",465.878727265436,516.032813131505
"10",561.723590807917,462.074213991755
"11",633.521075217069,431.972547529299
