"","Time","Abundance"
"1",-0.011600928074246,43.7979479597874
"2",1.0092807424594,68.1536847636294
"3",1.9953596287703,148.138247821097
"4",2.99303944315545,332.39442558153
"5",3.9907192575406,757.796426870193
"6",4.292343387471,757.069511848387
"7",4.98839907192575,1360.8634986773
