"","Time","Abundance"
"1",0,73.7976293294255
"2",0.302059496567505,101.261170002739
"3",0.906178489702517,1471.61781608936
"4",1.20823798627002,4043.34793841077
"5",1.40503432494279,8321.85915617643
"6",1.80778032036613,10986.1218973951
