"","Time","Abundance"
"1",0.00359270856851168,50.6172353071265
"2",1.01037566381671,50.3605293541206
"3",2.02069243077165,124.356872453264
"4",2.99131271288762,409.609298782817
"5",4.20494144670325,829.805473071901
"6",5.00970816604989,1404.48808325813
"7",5.81441598853474,2341.42387637852
