"","Time","Abundance"
"1",-0.0126794421254921,49.4415760946852
"2",1.01063166770539,50.0488203498929
"3",1.99317059374984,56.596759562178
"4",3.01619889074522,55.5097839222569
"5",4.98622596745558,123.40563138453
"6",6.97713405852131,274.332152849006
"7",7.97928134116132,269.082909711826
"8",9.0035822959165,304.244654998327
