"","Time","Abundance"
"1",0.00133569894857821,45.4792483171417
"2",1.00840230244256,51.4492247817089
"3",2.01572092460609,67.9051755964642
"4",3.00050907771248,111.217153431734
"5",4.00855855401768,229.554003325946
"6",5.01625520418553,381.817565111324
