"","Time","Abundance"
"1",0.00911914359347055,54.3783533136211
"2",0.99530826670191,48.804650964216
"3",2.00634375206502,40.1617786188608
"4",3.01817220643627,36.0386785241046
"5",4.00634375206502,40.1617786188608
"6",4.99729068922223,60.599852274193
"7",6.01652018766934,122.012702348544
