"","Time","Abundance"
"1",0.000849295085079582,73.8485131936622
"2",0.302848635632425,193.828964652202
"3",0.796608814683812,493.399835902765
"4",1.19936452744222,2050.46575521027
"5",1.40093722210565,5635.05449638965
"6",1.80726996592828,5140.25740629113
