"","Time","Abundance"
"1",0.0016256157635467,41.2162804962421
"2",0.201576354679803,102.006207738587
"3",0.649285714285714,2017.02050267446
"4",0.794384236453202,4074.48991238959
"5",0.995320197044335,5397.82102000435
"6",1.19652709359606,6021.70409424692
