"","Time","Abundance"
"1",527.841620207076,28.1351723902424
"2",998.475366935942,494.33602781453
"3",1294.20866992832,1586.02493307033
"4",2835.40789623393,3282.16232944925
