"","Time","Abundance"
"1",25.2631578947348,1.00343465588741
"2",2902.70996640538,6.04022421342545
"3",4129.85442329227,19.0485091354618
"4",5275.16237402016,37.2299496707219
"5",7061.32138857784,151.608152905829
"6",8257.69316909295,309.220205029733
"7",9377.20044792834,579.234878301173
"8",11146.1590145577,604.414972006717
