"","Time","Abundance"
"1",0,1.00343465588741
"2",1187.50279955208,7.47151734348149
"3",3038.29787234043,686.715368225581
"4",4185.48712206047,1557.85637162662
