"","Time","Abundance"
"1",0.134378499440572,1.0141297416474
"2",528.779395296753,6.43811475818398
"3",742.172452407618,15.7294937128973
"4",1109.56326987682,343.92909553174
"5",1271.48936170213,780.222293107794
"6",2925.82306830907,2054.24003617605
