"","Time","Abundance"
"1",0,0.992796458881475
"2",1150.3015132552,8.13909316052164
"3",2906.95187165775,299.030700503305
"4",4123.33598816703,1079.18391680728
