"","Time","Abundance"
"1",0.134378499440572,1.0141297416474
"2",515.341545352745,16.4131300123744
"3",653.079507278841,40.5368887264666
"4",1076.10302351625,1328.08315910098
"5",1333.43784994401,1927.21564530539
"6",2904.99440089586,2918.20675389258
