"","Time","Abundance"
"1",550.233246103083,2.9804138433824
"2",610.717942883149,6.23032462239007
"3",1311.00238935032,799.907641144927
"4",2833.22334736602,2765.93754272336
"5",-0.136534304244151,0.982271433111065
