"","Time","Abundance"
"1",0.134378499440572,1.0141297416474
"2",686.270996640542,1.39410686516744
"3",1185.21836506159,6.23599509664062
"4",2834.31131019037,591.690993537759
