"","Time","Abundance"
"1",25.3953805893732,0.982271433111065
"2",1135.6923427011,19.1451816765098
"3",2761.13323472522,532.765472454692
"4",4052.06508135169,1637.73851663032
