"","Time","Abundance"
"1",1144.06615830738,4.19079101852236
"2",2820.53485125121,568.889125346527
"3",3987.92825690044,2166.37216105908
"4",24.4871657179674,1.00321987925593
