"","Time","Abundance"
"1",24.6160455375375,1.01379837662258
"2",643.625818923856,12.9752014690258
"3",727.784341101927,31.0572348374356
"4",1056.94340027924,553.936775508937
"5",1308.13016861777,925.777705661429
"6",2837.93362689292,2355.67122630893
