"","Time","Abundance"
"1",2873.36443281374,2.91741136963686
"2",25.3953805893732,0.982271433111065
"3",4081.69302537262,5.59872443921727
"4",5185.98247809762,9.25320691404282
"5",7044.35089316191,44.561422738492
"6",12410.4221185573,463.610537845535
