"","Time","Abundance"
"1",0,1.00343465588741
"2",617.076576092797,10.9671043060889
"3",723.917946514878,22.6490360027511
"4",1103.72677478252,462.984708144218
"5",3009.3437869187,2352.13191069673
