"","Time","Abundance"
"1",0,1.00343465588741
"2",4015.50853828804,6.91500793615625
"3",5070.51874127376,8.10748412078135
"4",6903.70529481258,44.8209520546913
"5",8012.84502201697,80.0287850751839
"6",9224.31532595854,204.200381388526
"7",10898.206422511,411.660720097084
"8",12080.8076468693,734.577744385074
