"","Time","Abundance"
"1",0.00147877261872686,193.828964652202
"2",0.303008502942558,247.658029078191
"3",0.796598822976928,485.899927549497
"4",1.20341116872995,924.566868804017
"5",1.40027776945135,2050.46575521027
"6",1.80726996592828,5140.25740629113
