"","Time","Abundance"
"1",0.00665534538101298,111.287669124126
"2",1.01390947552345,124.990790433454
"3",2.00791181176563,153.751231437498
"4",2.99249065012319,554.588244929839
"5",4.20776849606864,1717.19532486458
"6",5.01253521541527,2906.44320805792
"7",5.80499249065012,6865.87466902186
