"","Time","Abundance"
"1",0.0031250315023339,135.900030671331
"2",1.01258581235698,665.145067700249
"3",2.02174417080817,2705.61621133069
"4",3.00675914071714,5091.06827835469
"5",4.00331656569119,10189.114535033
"6",5.01066038972167,13657.2621285413
