"","Time","Abundance"
"1",0.00324825986078903,90.0238293976437
"2",0.201392111368909,121.407295381618
"3",0.652900232018562,453.352246361164
"4",0.802320185614849,760.486973551421
"5",1.00046403712297,1358.7132907574
"6",1.20185614849188,3021.21609546379
"7",1.40324825986079,5569.3680451817
