"","Time","Abundance"
"1",-0.000123152709359586,124.97984471932
"2",0.200344827586207,222.797974328561
"3",0.645911330049261,2980.96142169761
"4",0.794261083743842,4405.57375005099
"5",0.992266009852217,6511.01428695973
"6",1.19573891625616,9928.10939791262
