"","Time","Abundance"
"1",0.00277539152844763,110.299170727594
"2",0.990682614154497,119.421916551105
"3",2.01361263463953,360.17922388663
"4",3.03508887860966,3758.58926702864
"5",4.01493424965308,6842.53172333379
"6",5.00482389479945,9199.11164932192
"7",6.01044075860702,16987.3385628991
