"","Time","Abundance"
"1",0,182.222605241686
"2",0.302059496567506,162.277200585225
"3",0.906178489702517,2041.88339745804
"4",1.20823798627002,2952.53132859547
"5",1.40045766590389,7299.83247308191
"6",1.80778032036613,13025.8840474556
