"","Time","Abundance"
"1",0,82.7543658108115
"2",0.99767981438515,182.752754438436
"3",1.98375870069606,444.031132795041
"4",2.99303944315545,2006.28682966959
"5",3.9907192575406,6188.26976763097
"6",4.28074245939675,11138.0685853727
"7",4.98839907192575,15276.2440137164
