"","Time","Abundance"
"1",0.0141465533287821,246.317627951815
"2",2.01414655332878,246.317627951815
"3",3.00006204628653,246.317627951816
"4",4.02469442203884,757.452236774073
"5",5.02177824657195,2488.37369166287
"6",7.02847924551716,5079.86682007607
"7",9.03493205931625,10099.7369431195
"8",10.022957126016,12643.9509289028
"9",12.0519947881119,13869.4683488637
