"","Time","Abundance"
"1",21.4562674802949,1.32682017018797
"2",26.1600559369438,2.14874671554132
"3",32.1033562166285,4.3256501469187
"4",38.0307653190948,8.50369352614965
"5",47.7402745995423,15.3652369542802
"6",55.7891558606661,62.3588324928553
"7",74.6122552758708,189.422408164989
"8",82.287693872362,435.851925977999
"9",103.097190439868,967.194571241962
"10",109.350368675312,1356.36406737464
"11",124.868103229087,1747.92655697072
