"","Time","Abundance"
"1",50.3335804299481,1.01050176438663
"2",100.216209537929,0.998750823721059
"3",150.600753644675,2.11299355533598
"4",176.738942426489,3.70908640855869
"5",227.069434148752,7.23802139981045
"6",277.894119100568,13.0135570416124
"7",328.541203360514,41.1015572430561
"8",404.191376328144,93.4657850337578
"9",480.065480602916,298.730555221408
"10",581.467753891772,663.585533519778
