"","Time","Abundance"
"1",50.2113526570048,4.43132258669623
"2",64.2591533180778,7.44622910862358
"3",76.8688024408848,17.1291252525042
"4",90.4875413170608,34.5070048279804
"5",102.993897787948,67.8596715833687
"6",115.214213068904,86.3990734890177
"7",126.53667683702,148.775512952795
"8",164.047800661073,211.172063859312
"9",177.015001271294,363.632852321074
"10",205.801868802441,554.932657779072
"11",37.7288329519451,1.01803293865069
"12",26.9228324434274,1.29523730760255
