"","Time","Abundance"
"1",74.1935483870968,1.39608381334051
"2",147.849462365591,1.06276759769762
"3",222.043010752688,7.78406930638508
"4",295.698924731183,27.4695544683748
"5",369.354838709677,129.669995853033
"6",443.548387096774,186.99392549635
"7",517.204301075269,257.372891581066
"8",590.860215053763,301.023460686391
