"","Time","Abundance"
"1",151.442426488757,3.29870516987227
"2",227.285643686682,23.1268341612065
"3",303.700271806276,73.048735793439
"4",379.597541388683,241.84018442719
"5",455.131887818137,461.190073196639
"6",530.643068939956,369.003980047589
