"","Time","Abundance"
"1",50.3384820747521,1.01803293865069
"2",150.119183829138,1.01803293865069
"3",176.085367404017,1.37564814399125
"4",226.444508009153,2.80166027052967
"5",277.19298245614,10.3156931572131
"6",327.440884820748,17.7609991568039
"7",403.217963386728,21.2877623843052
"8",478.4706331045,26.4562427511235
"9",578.489702517162,16.5197355481586
"10",653.750317823544,20.7798076042313
