"","Time","Abundance"
"1",8.71324437855202,2.48974077337033
"2",22.2108969607116,4.17057506326788
"3",26.9057326414628,6.66739274051834
"4",32.5349023968372,8.33222567478685
"5",38.2721769211762,12.2720236232022
"6",47.3066468989375,18.2888412234261
"7",55.6307141092167,49.0131612014966
"8",74.9042500617741,295.244864308325
"9",82.4484185816654,556.463965411539
"10",103.042377069434,2047.58191645145
"11",109.088522362244,2096.21572514766
"12",125.02625401532,2222.91419631032
