"","Time","Abundance"
"1",6.98924731182797,3.17044551710961
"2",12.3655913978495,5.05225584781187
"3",18.8172043010753,6.76566547341988
"4",24.7311827956989,23.2297593752154
"5",31.1827956989247,99.5151190898572
"6",37.0967741935484,180.312727234219
"7",43.5483870967742,417.127353788355
"8",49.4623655913979,782.637835878656
"9",55.9139784946236,922.382930143898
