"","Time","Abundance"
"1",7.18599033816425,1.29523730760255
"2",13.2723112128146,3.23805979133297
"3",19.7002923976608,5.92012824655174
"4",27.2327103991863,25.2087056756702
"5",34.1294813119756,94.020683226569
"6",40.565408085431,174.066954618733
"7",47.184083396898,425.450313703467
"8",54.5178616831934,1340.08142337422
"9",61.4225781845919,2198.7707561716
