"","Time","Abundance"
"1",26.3440860215053,4.35807843319125
"2",36.5591397849462,4.317973722387
"3",45.6989247311828,7.13204297708631
"4",52.6881720430108,33.9192342400797
"5",69.8924731182796,135.860439921754
"6",77.4193548387096,235.069115075614
"7",97.3118279569892,584.919212264122
"8",103.225806451613,592.574683965799
"9",118.817204301075,1153.88604981774
