"","Time","Abundance"
"1",6.9526809982703,2.08837821317187
"2",13.2613664442797,3.18469354427564
"3",19.7939831974302,6.82567417662885
"4",26.836236718557,13.7999099426937
"5",34.1178650852484,92.3752216299035
"6",41.2759451445515,222.765289733935
"7",47.7236224363726,419.857044817471
"8",54.8199283419817,921.769143896591
"9",61.5147022485792,2529.26015257465
