"","Time","Abundance"
"1",98.9247311827957,1.0507829810941
"2",147.849462365591,1.43671389225181
"3",172.58064516129,2.09478394879572
"4",222.043010752688,5.12281424810629
"5",270.967741935484,8.44175431107479
"6",320.430107526882,24.8831670855494
"7",394.086021505376,105.789135103341
"8",467.741935483871,382.219665053927
"9",566.666666666667,823.186238231793
