"","Time","Abundance"
"1",150.484680905161,1.7717871329136
"2",226.706712433257,9.59486056781285
"3",304.295385202136,78.4422454557945
"4",379.667238749047,268.86668802262
"5",454.840452580727,296.140159530865
"6",530.379163488431,247.070998177589
"7",605.464975845411,238.279502813447
