"","Time","Abundance"
"1",13.9784946236559,1.05445604260483
"2",38.1720430107527,1.04816722739749
"3",62.3655913978494,4.34394528643502
"4",74.7311827956989,10.0585050012171
"5",86.5591397849463,37.5199481278426
"6",98.9247311827957,63.4953593843914
"7",111.290322580645,242.502474129796
"8",121.505376344086,482.715266886808
"9",158.064516129032,1205.80367415898
"10",170.967741935484,1598.74046791474
"11",198.387096774194,1666.08462858218
