"","Time","Abundance"
"1",0.937866354044502,35.2971555923649
"2",22.9777256740914,48.423929669032
"3",45.9554513481829,66.4246532331066
"4",75.0293083235639,172.365477771516
"5",98.9449003516999,292.464572322332
"6",168.815943728019,1767.90942926288
"7",237.749120750293,6279.09233963968
"8",313.716295427901,32332.0548931061
"9",383.118405627198,108878.689957211
