"","Time","Abundance"
"1",20.5761316872428,0.439715125309896
"2",25.1028806584362,1.09489980433574
"3",30.0411522633745,1.53199252069176
"4",35.3909465020576,1.95881782315988
"5",44.8559670781893,3.79174414254313
"6",55.1440329218107,4.81252791482931
"7",65.0205761316872,6.54167161971335
"8",79.8353909465021,6.81250377790693
"9",101.646090534979,7.21875251663015
