"","Time","Abundance"
"1",75.7657657657658,0.15124231499937
"2",153.183154691694,0.508896317909637
"3",231.880053677967,1.95344409023654
"4",312.320460878336,4.88109261539585
"5",391.228268116314,6.5064712740639
"6",469.812682701677,7.85698331133102
"7",546.766073473854,7.82112895706888
