"","Time","Abundance"
"1",12.621359223301,0.538591737666686
"2",15.5339805825243,0.976903654873189
"3",20.3883495145631,1.68356488532779
"4",25.7281553398058,2.90262753206889
"5",29.126213592233,3.70740136734882
"6",35.4368932038835,4.71954283016369
"7",40.7766990291262,6.26829919316528
"8",48.0582524271845,6.29268928020268
