"","Time","Abundance"
"1",142.065302327619,0.760637049086791
"2",166.288392566512,0.796371366580062
"3",213.436280906918,1.45365958888316
"4",261.970183826421,3.18838201519236
"5",310.001144746757,3.9882157258023
"6",381.723013092917,5.33464962951809
"7",453.427336950733,6.64848577049169
"8",547.652935678173,6.33338840857297
"9",47.8046146234928,0.261193381082525
