"","Time","Abundance"
"1",71.604938271605,0.227738874289172
"2",143.20987654321,0.539504539393013
"3",214.320987654321,2.37531942174243
"4",285.925925925926,4.41254164374592
"5",357.037037037037,5.77501066179393
"6",428.641975308642,6.16250723672245
"7",500.246913580247,5.91250929212601
