"","Time","Abundance"
"1",20.873378121955,0.365797068290233
"2",26.7788091697011,0.962298126762774
"3",32.8107851684702,1.22492700553251
"4",39.0536694189446,2.10874308936009
"5",51.0051370155735,3.42309951815313
"6",62.6753936099288,4.05647474168702
"7",75.4423731131512,5.62206996514132
"8",92.7930919534336,7.10404234591714
"9",116.822572097714,7.1877023925685
