"","Time","Abundance"
"1",12.621359223301,0.562933684927347
"2",25.2427184466019,0.964724398390299
"3",31.0679611650485,1.24489201322911
"4",35.4368932038835,2.12236259858398
"5",45.1456310679611,3.46352221079437
"6",55.3398058252427,4.12200690351816
"7",65.0485436893204,5.75610842621914
"8",80.0970873786408,7.23170980130494
"9",102.427184466019,7.30488035773036
"10",10.6796116504854,0.149304141370646
