"","Time","Abundance"
"1",21.2236677753917,0.352810275788914
"2",30.2934613279438,0.509955054917162
"3",35.2406214475177,1.17514509572092
"4",45.1349416866654,2.63720745424011
"5",55.0292619258132,3.53448147002839
"6",65.3358455082587,4.73654739100193
"7",80.5895892102781,5.37607907799087
"8",102.439546405063,6.28042005079912
