"","Time","Abundance"
"1",13.2244388601125,0.055926766463409
"2",37.5773116570081,0.413491718032393
"3",50.5692599620494,0.842950006021433
"4",65.1500504299366,1.73843455151702
"5",79.8433252987334,3.61430350424787
"6",93.6507855103682,4.29549145320113
"7",106.839581517001,4.8930437733359
"8",120.478315127272,5.43084910162793
"9",131.628331367421,6.06426982622137
"10",171.208779937433,6.54232549616185
"11",184.650665846112,6.91281945916028
"12",213.390430278476,7.02038231903216
