"","Time","Abundance"
"1",13.2930065113312,-0.000325483435743609
"2",37.0986403906121,0.605668873432689
"3",50.5782666083057,1.4115938990656
"4",63.0950623818783,1.81319385096359
"5",77.4817027860626,2.97574033436582
"6",90.8776046173109,3.70893536798294
"7",103.2409056824,3.97571737075242
"8",116.734485964502,5.23711859418878
"9",127.102355819311,5.51675359120417
"10",165.266721973961,5.9360684988761
"11",177.992828713647,6.52213517898795
"12",206.138176623676,6.08439895239401
