"","Time","Abundance"
"1",18.4560103421249,0.120682019655925
"2",16.8931551284792,0.513195834479831
"3",31.4332902411467,0.92609765352807
"4",38.59172528222,1.91821206851475
"5",49.2247223607733,2.87305737002609
"6",60.932182398708,3.88920799600053
"7",71.8861229586349,4.68455111240196
"8",88.1705161222461,5.30646907104098
"9",111.39007929641,5.8404840680041
