"","Time","Abundance"
"1",149.791664545988,1.16316879506772
"2",225.729683051877,2.98369276309079
"3",302.225864134068,4.85394851048639
"4",377.982479802658,6.07351486778559
"5",452.511137803384,6.21249632287842
"6",526.830484837997,6.16728547256675
