"","Time","Abundance"
"1",11.6746649624872,0.587484543571915
"2",24.6926753129887,0.79041550749962
"3",30.3829376988998,1.61927391363364
"4",36.2311004798978,2.74224684844322
"5",46.1086474170034,3.8569918793064
"6",57.1265860964036,5.59231591991968
"7",67.3316301492451,6.56602705788394
"8",82.8760468211378,7.71682522541602
"9",104.958709482186,8.27333574293465
