"","Time","Abundance"
"1",23.8683127572017,-0.0173325065947544
"2",37.037037037037,0.0553383762033304
"3",59.6707818930041,0.855627518277742
"4",71.604938271605,2.73980517807238
"5",83.9506172839506,3.77091244015676
"6",95.4732510288066,4.36462702104408
"7",107.818930041152,5.5625131861288
"8",117.283950617284,6.02084167142622
"9",153.086419753086,6.43750549681742
"10",165.432098765432,6.70833752599843
