"","Time","Abundance"
"1",72.3443223443217,0.523430508557294
"2",144.902670764738,1.10830038240999
"3",217.461019185155,2.83493025771219
"4",289.607104262274,4.9644213102353
"5",362.165452682691,6.58322280868933
"6",434.723801103107,6.79927177667178
"7",506.869886180226,6.80847298144488
