"","Time","Abundance"
"1",-0.349157715244729,-0.0159808307358065
"2",23.5522835706941,0.171264301017267
"3",70.75865353891,0.187708782409042
"4",94.5138907553238,0.103861934519112
"5",146.480665227272,2.96922758486014
"6",170.089698374161,4.11370979138772
"7",195.078897937365,6.32473318068321
"8",217.611869132551,6.96849601884943
"9",243.367178020066,7.6032540881474
"10",265.911845540813,9.01909299998549
"11",290.304532500356,8.62001457576611
"12",316.106626690119,8.59147555933843
