"","Time","Abundance"
"1",48.433048433048,0.216697971839431
"2",96.6678595988932,0.320506127606746
"3",144.902670764738,0.576262582180048
"4",168.813944676012,0.95923159515581
"5",217.048755841857,1.70419855010877
"6",265.283567007702,2.36256242833681
"7",313.930641516845,3.44534633325158
"8",386.488989937262,5.28155882565719
"9",458.635075014381,5.91058088630105
"10",555.286093217122,5.98574836676744
