"","Time","Abundance"
"1",11.3471678467513,-0.0200602284993946
"2",35.558561760083,-0.00607347970293443
"3",59.8693744406917,1.69069154730796
"4",72.9049292795362,3.42672308925842
"5",84.8585740038961,4.65148348543814
"6",97.3034644018599,5.28938561642617
"7",109.619695218642,5.6879906952284
"8",119.719472341425,7.21622348500818
"9",155.486835910009,7.71542166849663
"10",167.838155703477,8.17929737185422
"11",194.043773125129,7.40067411414831
