"","Time","Abundance"
"1",8.35948852077888,0.341951764487562
"2",12.7745012564747,0.55660579763212
"3",17.4144827939895,0.962298126762782
"4",23.4464587927586,1.66677063265574
"5",28.986315537549,2.83756677256629
"6",34.1043557789289,3.6501546487312
"7",42.034506043045,4.64207030130206
"8",49.528779253637,6.14792945865491
"9",56.7559020120691,6.10012394783124
