"","Time","Abundance"
"1",48.1481481481482,0.0241915290519274
"2",95.4732510288066,0.190343383492645
"3",143.20987654321,0.429321627522665
"4",167.078189300412,0.855627518277742
"5",214.40329218107,1.3862757155258
"6",262.139917695473,2.58359269124503
"7",309.876543209877,4.01047892075613
"8",381.069958847737,5.02085599845733
"9",452.674897119342,5.80209371024701
"10",547.736625514403,5.91667592015621
