"","Time","Abundance"
"1",24.5217745217743,0.00774555088614069
"2",36.4774114774112,0.0471667508874575
"3",48.0207850897502,0.867584682418044
"4",59.976422045387,1.51540431566439
"5",72.3443223443217,3.13134962700037
"6",84.2999592999585,3.86677324189838
"7",96.2555962555953,4.49349955003958
"8",108.211233211232,5.10936747598647
"9",118.517816793678,5.56117665948046
"10",154.384727660588,6.060428353743
"11",166.752627959523,6.04584988364591
"12",193.962008617179,5.56141564956773
