"","Time","Abundance"
"1",24.2718446601942,0.0520462817874594
"2",35.9223300970874,0.185783227221458
"3",48.5436893203884,0.222266120402109
"4",60.1941747572816,0.684660295584194
"5",72.3300970873786,2.37836723002128
"6",83.9805825242719,3.3537785920038
"7",96.1165048543689,3.79276032401313
"8",108.252427184466,4.63417970651516
"9",117.961165048544,5.17075121738349
"10",153.883495145631,5.53659889816001
"11",166.019417475728,6.14634881802135
"12",192.718446601942,5.80488839673428
