"","Time","Abundance"
"1",49.0991357811053,0.112196062702622
"2",98.9151457160599,0.171880588831181
"3",148.828834101867,0.758618207578401
"4",174.378726032092,1.57361480300331
"5",225.464555828134,2.75042647889107
"6",276.438753108915,3.82934939522669
"7",327.21759348799,4.73645862716677
"8",401.774159617531,5.3421908781739
"9",476.470266391148,5.62852418736634
"10",576.367413484801,5.98155834523724
