"","Time","Abundance"
"1",3.08408067028759,0.277239358793994
"2",15.4519809692222,0.544777337041772
"3",20.8114044320939,0.98214509363851
"4",24.9340378650722,2.3537225514182
"5",29.0566712980504,3.51942641586792
"6",35.2406214475177,4.40376119334434
"7",41.0123082536872,5.60323892629349
"8",47.1962584031545,6.05266113585474
