"","Time","Abundance"
"1",3.48723706908999,0.365729246598073
"2",15.6221748396608,1.17612886112501
"3",21.5697563879358,2.48370639273626
"4",26.0494490781803,3.31258044752626
"5",30.7981572563507,4.64189281449921
"6",37.8276489191102,6.46193029069699
"7",43.8395602579762,7.13961275346324
"8",49.9684348524621,7.28452985970697
"9",12.5168004029509,0.653096454158017
"10",12.4992559146079,0.620522997444611
