"","Time","Abundance"
"1",11.522633744856,0.335791348421945
"2",16.0493827160494,1.52158362612416
"3",21.3991769547325,2.30242691227249
"4",25.5144032921811,2.97934125277201
"5",29.2181069958848,4.01047892075613
"6",35.3909465020576,5.25001802325754
"7",40.3292181069959,5.97917535951806
"8",47.3251028806584,6.12500751325103
