"","Time","Abundance"
"1",144.174757281553,1.707939759924
"2",215.533980582524,3.39035964521112
"3",287.378640776699,5.67074354081595
"4",359.223300970874,6.60976072458365
"5",431.067961165048,7.24390489314467
"6",502.912621359223,6.8414670846896
