"","Time","Abundance"
"1",218.041237113402,3.83598775460255
"2",191.752577319588,3.7596053923615
"3",168.556701030928,3.67367579489176
"4",142.268041237113,3.36815396714428
"5",115.979381443299,2.59486108619053
"6",46.3917525773196,1.01079927999729
"7",23.1958762886598,1.01079927999729
"8",3.09278350515464,1.01079927999729
