"","Time","Abundance"
"1",237.5,5.30027766379136
"2",214.0625,5.25261708576539
"3",189.0625,5.25301738441611
"4",93.7499999999999,4.92790088442578
"5",68.7499999999999,4.65930332644333
"6",49.9999999999999,3.99672765488667
"7",21.875,3.49763715631216
"8",3.12499999999997,1.02037844116261
