"","Time","Abundance"
"1",458.536585365854,6.52555254452085
"2",439.024390243902,6.48504703095872
"3",362.60162601626,6.61204534504815
"4",341.463414634146,6.57148580687642
"5",294.308943089431,6.47027602246813
"6",271.544715447154,6.33998335816594
"7",200,5.2913554662035
"8",144.715447154472,5.0304497665639
"9",110.569105691057,4.1524793084345
"10",92.6829268292683,3.37472499177273
"11",71.5447154471544,1.67063800000369
"12",1.6260162601626,1.01126857719846
