"","Time","Abundance"
"1",236.59793814433,5.46872687238769
"2",213.40206185567,5.52601725046842
"3",190.20618556701,5.68834022399905
"4",92.7835051546392,5.54511405326634
"5",64.9484536082474,5.15363072203057
"6",52.5773195876289,4.87672966233689
"7",26.2886597938144,2.2416741004963
"8",3.09278350515464,1.0012627416945
