"","Time","Abundance"
"1",117.073170731707,6.42453180982937
"2",99.1869918699187,6.52358127600024
"3",69.9186991869918,6.57243093583959
"4",73.170731707317,6.50278844486079
"5",47.1544715447154,5.57524229316846
"6",43.9024390243902,5.13670751330328
"7",27.6422764227642,3.13345098888824
"8",16.260162601626,1.75842706827287
"9",1.6260162601626,1.01126857719846
