"","Time","Abundance"
"1",239.0625,4.99282392516353
"2",212.5,4.88757109415141
"3",187.5,4.81111473534923
"4",162.5,4.80190795946847
"5",92.1874999999999,4.49560904182478
"6",49.9999999999999,4.06397493195535
"7",20.3124999999999,2.08570592676602
"8",3.12499999999997,1.02037844116261
