"","Time","Abundance"
"1",189.0625,5.40673226866448
"2",167.1875,5.4166897238927
"3",143.75,5.41706500489831
"4",117.1875,5.3886687482663
"5",45.3124999999999,4.89985516360453
"6",23.4375,4.56395873292939
"7",1.56249999999994,1.02040342930339
