"","Time","Abundance"
"1",91.2371134020619,6.47131343227373
"2",69.5876288659794,6.28034393553555
"3",46.3917525773196,5.82201819957618
"4",23.1958762886598,3.95056209920314
"5",3.09278350515464,1.01079927999729
