"","Time","Abundance"
"1",222.333322728285,6.23192041712616
"2",194.381445407484,6.13641612910894
"3",169.50291108576,6.16454038664336
"4",149.358470327832,5.94558015336185
"5",73.2666427295576,5.68770954255052
"6",50.3815544879807,4.18540634566128
"7",51.1942041896001,1.3534040310621
"8",21.7615591239018,1.00158249362963
"9",3.10879416055741,1.00128733799262
