"","Time","Abundance"
"1",342.275510064948,5.34975273802169
"2",292.589343744461,5.15884474963882
"3",273.909308656901,5.25360910785688
"4",245.968339385786,5.12008203997714
"5",174.591516264357,4.68167678345822
"6",149.846605551288,4.24401652564481
"7",125.308947782257,3.08397804315824
"8",97.7933924489027,1.46812060297856
"9",79.2715240817922,1.01198679990396
"10",1.5516700678572,1.01075696938768
