"","Time","Abundance"
"1",337.222808220022,5.25894322825993
"2",290.968565436345,5.17039240353215
"3",246.280510078022,5.19893206140831
"4",268.610993683537,5.23831681455989
"5",172.945507677027,4.92458882264273
"6",150.639649659962,4.78765138267681
"7",123.573665395713,4.54332918528604
"8",75.9527024531191,3.54754589374265
"9",1.59327557264757,1.01103196538529
