"","Time","Abundance"
"1",241.974767828982,5.94333349686729
"2",213.874773669762,5.96380813640961
"3",193.224694819228,5.68740084799472
"4",97.2519128555575,5.14676927307755
"5",74.5721628409556,4.48785732185808
"6",25.3723497459262,1.30581162535166
"7",3.14818059692777,1.02021932476842
