"","Time","Abundance"
"1",266.949944512587,5.92300831098446
"2",240.318906605923,5.86688989492477
"3",216.695870568308,5.71497428830736
"4",193.131242333976,5.61088273012977
"5",97.4388178260616,5.29980452405991
"6",72.241691489983,5.13840017065999
"7",51.3112551836925,4.63244621303565
"8",3.14818059692777,1.02021932476842
