"","Time","Abundance"
"1",334.020618556701,6.47131343227373
"2",310.824742268041,6.42357103839917
"3",269.072164948454,6.45221647323757
"4",290.721649484536,6.44266799445792
"5",244.329896907216,6.39492560813486
"6",171.649484536082,6.06072930810439
"7",148.453608247423,5.95569635720059
"8",123.711340206186,5.66924338668015
"9",98.9690721649485,5.16317906417222
"10",72.680412371134,3.49227105285534
"11",1.54639175257734,1.0012627416945
