"","Time","Abundance"
"1",217.104725191286,6.0497418820169
"2",190.567139769873,6.07014181495645
"3",168.646691197944,6.0329287530045
"4",145.175515448864,6.0053552264837
"5",120.13024940132,5.96829163461615
"6",48.7821973015595,5.12039166043823
"7",24.8525202967116,3.43810869360015
"8",3.15986215758426,1.02977241788547
