"","Time","Abundance"
"1",223.857722671927,6.3365122130477
"2",195.911299375969,6.22199565188885
"3",169.483821998809,6.23108309199352
"4",147.733170924594,6.19271390429701
"5",122.955536062467,5.86911286489896
"6",47.2727603274233,4.18535709348324
"7",27.5755496066285,2.40764066967001
"8",1.5516700678572,1.01075696938768
