"","Time","Abundance"
"1",588.617886178862,1.03074120797195
"2",494.308943089431,1.01766051079896
"3",416.260162601626,1.02502343394306
"4",325.20325203252,1.02200273940505
"5",222.764227642276,1.01860447154932
"6",201.626016260162,1.0179032434576
"7",43.9024390243902,1.03257521946892
"8",27.6422764227642,1.03203580389485
"9",14.6341463414634,1.02165212380552
"10",3.2520325203252,1.02127453794546
