"","Time","Abundance"
"1",99.5423108218064,5.63943188167227
"2",78.7123677786818,5.5551739489349
"3",70.0061025223759,5.49173562535863
"4",45.5756712774613,5.25886360973875
"5",52.4308380797396,5.19487448401414
"6",25.772986167616,2.63552003902077
"7",3.46826688364524,1.01175131670581
