"","Time","Abundance"
"1",269.948163136315,6.26266504736717
"2",245.893888339373,6.73054037655039
"3",225.134517276903,6.78873622139796
"4",215.540388017189,6.86662475101829
"5",194.803179984322,6.83702088017998
"6",172.489934290722,6.72934688188114
"7",143.801123747686,6.59230259991978
"8",80.1489027248214,5.8888691397434
"9",73.8127388169047,5.70341162416272
"10",47.7194652963895,1.60631251192828
"11",30.3165619395114,1.01149840346486
