"","Time","Abundance"
"1",213.598454027665,5.57164587774116
"2",187.622050447518,5.53006804209411
"3",158.228234336859,5.53110901855008
"4",90.6326281529699,5.36351201019048
"5",78.4682668836452,5.30019633779254
"6",69.6297803091945,5.09864600945657
"7",51.8917819365337,4.63180480582511
"8",49.6847030105777,4.13254898596912
"9",17.3006509357201,1.01126205066177
"10",1.73921887713601,1.01181247498237
