"","Time","Abundance"
"1",169.75106921612,5.29948910423973
"2",149.532999122811,5.33719298237285
"3",129.353107203403,5.24181280779596
"4",144.924348130406,5.14699921699197
"5",120.037632771417,5.20364108186809
"6",53.4330813876857,4.38507565151199
"7",41.0769881056808,4.10921338176977
"8",26.2202244331223,1.71397551530597
"9",3.10334013571435,1.02027590678403
