"","Time","Abundance"
"1",184.815714525046,-1.21743688166046
"2",160.563746021109,-1.21743688166046
"3",145.054447981236,-1.03705120474082
"4",113.728011392193,-1.19083754815856
"5",81.9324845032669,-1.39386088741116
"6",42.6901491037024,-1.97275663634312
"7",24.1669458870832,-2.23345033690772
"8",19.6314290500921,-2.42428911844979
"9",17.03970514324,-2.55229414066806
"10",9.54012397386495,-3.0793781048582
"11",6.38255989277931,-3.59827757369687
"12",1.94379293013904,-4.47296898966186
