"","Time","Abundance"
"1",0.00104912922274547,4.60834933659376
"2",0.30319834537334,5.80307382407846
"3",0.797607985372142,7.73304308024674
"4",1.19996402985522,8.54485843624027
"5",1.4012669484328,9.14223231515703
"6",1.80766963420361,9.15754959622026
