"","Time","Abundance"
"1",0,4.61572453243871
"2",0.302059496567506,5.50851271364658
"3",0.906178489702517,8.40765318019183
"4",1.20823798627002,9.31356141017785
"5",1.40503432494279,9.4982565304597
"6",1.80778032036613,9.60569807187956
