"","Time","Abundance"
"1",0.0190097237319065,3.59258312764843
"2",1.04184598434956,5.52989061350957
"3",1.85006664469769,7.52930829727405
"4",2.6464830781489,8.61774532530092
"5",3.7528588362016,9.12729420500663
