"","Time","Abundance"
"1",0.00471551777626189,4.50224071407682
"2",2.00682509151827,4.72690265709342
"3",2.99162375131849,4.60796376674795
"4",4.0358627536142,4.8194109832586
"5",5.02661785692127,5.3348183199922
"6",7.00217162002854,5.73128867133184
"7",9.03604889247378,6.33921311301784
"8",10.0275485512192,6.93392405079241
"9",12.0342495501644,7.64757873152381
