"","Time","Abundance"
"1",0.000541871921182158,4.40629190482891
"2",0.200788177339901,5.1250204230019
"3",0.644827586206897,8.68750057936172
"4",0.792832512315271,9.29687531499355
"5",0.994532019704434,9.09375038593814
"6",1.19571428571429,9.21875034058922
