"","Time","Abundance"
"1",0.00324825986078903,3.5938806809866
"2",0.198143851508121,4.81473928008091
"3",0.652900232018562,8.11666285827168
"4",0.805568445475638,8.50899141184619
"5",1.00371229698376,8.90182761376547
"6",1.20510440835267,9.01345024419339
"7",1.40324825986079,8.92191171119649
