"","Time","Abundance"
"1",0.00153731388421319,3.94059539475564
"2",1.00935997338683,4.52646887764584
"3",2.01902236917711,6.23789217379151
"4",3.00494460629643,7.42511217953847
"5",4.01198600792347,7.5330414854915
"6",5.01950624502263,7.93392193575208
