"","Time","Abundance"
"1",339.686369119421,10.8241758925675
"2",266.344993968637,9.89011006415551
"3",218.576598311218,9.61538484445805
"4",166.465621230398,7.96703415784859
"5",94.0892641737033,5.10991084382128
"6",70.9288299155609,4.39564674890901
"7",46.8033775633293,4.23081917354269
"8",31.3630880579011,4.78024861083428
"9",0.48250904704463,3.79128630256631
