"","Time","Abundance"
"1",33.2931242460796,21.0439560439585
"2",29.4330518697226,21.2087912087933
"3",25.5729794933655,21.2637362637383
"4",22.6779252110977,21.4835164835181
"5",18.8178528347406,20.3296703296754
"6",12.0627261761158,17.0879120880423
"7",7.72014475271413,13.0769230841117
"8",5.7901085645356,10.6593407399881
"9",3.37756332931245,7.80219920640591
"10",1.44752714113389,5.76924149271249
"11",0,3.90116834632981
