"","Time","Abundance"
"1",-0.876301207061971,4.5308745893577
"2",7.77216168616386,4.01119257141302
"3",24.7082575638254,3.85715815244824
"4",32.0852245879809,4.27476058748558
"5",49.9606237202709,4.32916891568529
"6",73.8212173713827,4.64476351297462
"7",99.0621286100889,5.01262326200566
"8",124.320222225404,5.53673608756945
"9",195.002792136199,6.63968050737667
"10",265.513538280903,6.18011421390121
"11",337.473331519638,6.39781592093054
