"","Time","Abundance"
"1",1.19291527046427,0.610272385224283
"2",73.4715174724748,0.540387725295411
"3",167.765438008617,1.11712875818772
"4",240.097654380086,0.971142725132827
"5",334.418382000957,1.51014809459768
"6",406.804212541886,1.28803111413788
"7",503.034944949737,1.39445062085464
