"","Time","Abundance"
"1",0.067168207048681,0.12085894297446
"2",97.4174090930294,0.722274940994597
"3",168.635859026728,0.921689354263154
"4",267.2858047191,1.07881191879765
"5",338.390068700815,1.11734999452404
"6",433.429723264322,0.739623418576282
