"","Time","Abundance"
"1",1.18956438487308,0.61502246051448
"2",73.2570607946385,0.844433980123011
"3",169.199617041647,1.35962240565815
"4",239.71565342269,1.51311638856916
"5",336.067017711824,1.44836066718376
"6",406.549545236956,1.64942247740892
"7",502.833891814265,1.67977503148482
