"","Time","Abundance"
"1",1.19291527046431,0.610272385224289
"2",73.3508855911919,0.711394246309977
"3",169.303494494974,1.21223565802885
"4",239.866443274294,1.29914501898631
"5",336.013403542365,1.52444442872732
"6",408.117759693633,1.70176737162534
"7",502.800382958354,1.72733460495897
