"","Time","Abundance"
"1",0.0638097966962619,0.116134161714326
"2",95.6811109408214,0.551957398857817
"3",168.615708564613,0.893293327349231
"4",267.514176623065,1.40075846680232
"5",338.813228405222,1.7139888983976
"6",434.081254872694,1.65804984174528
