"","Time","Abundance"
"1",0.0638097966962619,0.116134161714326
"2",95.5770002198959,0.405353903378334
"3",168.511597843687,0.746599344814651
"4",265.707351853456,1.13086906513888
"5",338.638591066895,1.46772131892334
"6",433.822657275556,1.29341649203279
"7",506.646427357718,1.47877084096153
