"","Time","Abundance"
"1",12.2695770583095,0.397459512878482
"2",18.322307582871,1.38388145328641
"3",24.8386785358617,2.39076835828443
"4",32.3775989268947,3.58381995258227
"5",39.4084202182794,4.68899872136398
"6",45.797766396358,5.50079649818965
"7",52.1807613356909,6.30282319072225
"8",59.5481982805927,6.53756365888148
