"","Time","Abundance"
"1",5.8923128596924,0.689263097484371
"2",12.8323708115262,1.50716296769013
"3",20.414736609918,2.46013071800955
"4",29.1250576510458,4.15777696221139
"5",37.4123954761475,5.8658018618034
"6",45.0730914997293,6.58157848243239
"7",52.3891345324751,7.359238385631
"8",59.0942018087389,8.02300765309358
"9",65.7836030399647,8.38708619616485
