"","Time","Abundance"
"1",-0.258645464124918,0.0355242773880114
"2",41.7300507711466,5.36198000206843
"3",73.0683015614522,11.9154753293673
"4",144.35673915126,14.9104461278098
"5",190.72708113804,15.0553640705705
