"","Time","Abundance"
"1",-0.273972602739725,0.00342877092823359
"2",17.0706006322445,0.179994933639026
"3",41.4867324456365,3.12393784954857
"4",71.242456173963,7.50353093726282
"5",145.450713669892,14.3307743570496
"6",190.707922214771,13.8638165422089
