"","Time","Abundance"
"1",6.74603174603175,0.236049509346378
"2",11.7063492063492,0.619798454110604
"3",17.5685425685425,0.918465834916292
"4",23.4307359307358,3.01128020876135
"5",29.7438672438671,4.87011182285498
"6",36.0569985569984,5.53249222047242
"7",42.3701298701297,6.79316624483577
"8",48.232323232323,7.3594038958298
"9",54.5454545454543,7.93632601427539
