"","Time","Abundance"
"1",73.3621425522834,0.036571893804441
"2",148.281354795439,0.827011897734041
"3",224.394599922769,3.4566810851095
"4",298.856522976241,4.93351456163365
"5",373.712222831941,4.93351456163364
"6",448.23765827287,5.11934761274051
"7",522.324858240351,4.63031518438413
