"","Time","Abundance"
"1",24.7434099546776,0.163328244474554
"2",49.1131130215637,0.192586612000004
"3",148.160681259273,0.641481385732814
"4",173.584689957929,1.59889476597263
"5",224.229467715383,3.20240884763447
"6",274.766274414162,4.64009576605061
"7",323.893106111416,5.29540063517127
"8",398.488405178546,5.58882348534725
"9",472.874113367071,5.5594811447934
"10",572.150326199622,5.66706978002585
"11",646.739274028006,5.9507131691768
