"","Time","Abundance"
"1",7.4432513184544,0.267030928066369
"2",21.0257123664,1.41715493027859
"3",26.9788094808398,2.16289077556957
"4",33.1668972708497,2.4853457427751
"5",38.7753413944535,3.00393270215454
"6",49.0052688042672,3.96854233123231
"7",58.7025506827889,5.73906487302506
"8",76.0605285848924,6.19995583675702
"9",85.4288235176162,7.46404400934839
"10",106.969635444866,8.37079352217682
"11",111.951437766949,8.47591260503136
"12",127.460822354569,8.58479154419434
