"","Time","Abundance"
"1",-1.04261935247851,0.036571893804441
"2",73.5526797146515,0.329156713718514
"3",98.4749405524053,0.514574754090994
"4",123.790978192387,1.30570424499107
"5",151.977775745381,2.35165727477156
"6",177.814614962502,3.25130671991678
"7",203.244974899904,4.21953407766402
"8",226.217405442758,4.87483061055431
"9",252.670314818202,5.33452360501175
"10",275.712608987257,5.40298886265532
"11",301.447828384448,5.45189266280657
"12",329.253551612707,5.2171547756406
