"","Time","Abundance"
"1",-0.258645464124918,0.0355242773880114
"2",18.2009771050867,1.40171932657677
"3",18.1473321199349,3.59083930130695
"4",24.9506657725836,5.79672814936993
"5",43.1458952006897,10.0637461821163
"6",51.3554938212472,11.7705573900328
"7",76.0762525146086,12.4790450974791
"8",93.2943768560206,13.5417766703063
