"","Time","Abundance"
"1",-0.891084641761381,-0.0244049605875201
"2",96.6300457197859,0.680348915442073
"3",122.212697266839,1.64946631739459
"4",151.116550361948,3.07504485279676
"5",176.887194449458,4.16921256416817
"6",201.874536285067,4.74648302813681
"7",225.075948986344,5.59180580312638
"8",251.285242334918,5.81817755980009
"9",274.189000180473,6.4670602706639
"10",299.646323367222,6.48648606384085
"11",324.64933124787,5.9167160248604
