"","Time","Abundance"
"1",36.0569985569986,0.00172522531557588
"2",47.7813852813852,2.27428501090511
"3",59.9567099567099,2.66946878150471
"4",72.5829725829725,3.6094946744715
"5",84.7582972582971,5.13719966295083
"6",96.9336219336217,5.74616481997659
"7",108.658008658008,6.59017565870759
"8",118.578643578643,7.03889190142299
"9",155.104617604617,7.4982925011933
"10",167.279942279942,8.1606847418511
"11",194.336219336219,8.05384724564352
