"","Time","Abundance"
"1",48.2323232323232,0.193432890550684
"2",145.183982683983,0.683786265446973
"3",169.98556998557,1.03583519008265
"4",217.784992784993,2.05001490085734
"5",266.035353535353,3.58812916081629
"6",314.285714285714,4.01544656097546
"7",387.337662337662,6.23761355071344
"8",459.938672438672,7.2098315990103
"9",556.890331890332,7.29530147647244
"10",629.491341991342,7.850856038374
