"","Time","Abundance"
"1",-0.250981894817507,0.0515733224343135
"2",42.9772966759268,2.80195537173635
"3",43.6765973752275,2.54438472804147
"4",191.248203850944,9.24254469187157
"5",236.771721429256,11.062069696478
"6",250.911006801418,10.836641798908
"7",378.628221093974,13.2358387924338
