"","Time","Abundance"
"1",47.4073322103912,0.0236806549977745
"2",95.4550923419359,0.195319824034864
"3",144.521145400951,0.749007238749744
"4",171.31008241593,2.51400651958044
"5",221.551088852794,3.84416253238901
"6",271.384778118671,4.90564565777422
"7",319.918185646394,5.39833288034004
"8",392.812293208206,5.76538354160741
"9",465.878727265436,6.24617035479985
"10",561.723590807917,6.13572551452689
"11",633.521075217069,6.06836203883901
