"","Time","Abundance"
"1",0,0.00342877092823359
"2",41.6055177699013,2.22244731705907
"3",182.609445349171,13.5417766703063
"4",237.95574288725,14.7011202105325
"5",262.170706006322,14.3468763506741
