"","Time","Abundance"
"1",6.74603174603175,0.0869143914040536
"2",19.8232323232323,1.19591107185606
"3",24.7835497835497,2.19952612275615
"4",29.7438672438672,2.9471888382096
"5",35.1551226551225,3.70563999834389
"6",44.6248196248195,4.90216227366926
"7",51.3888888888887,6.20556248731035
"8",68.5245310245308,6.90000346139015
"9",75.739538239538,7.39145510891448
"10",95.5808080808079,8.1606847418511
"11",100.090187590187,8.70555612455043
"12",115.422077922078,8.72692363388891
