"","Time","Abundance"
"1",5.85482592524845,0.241355928685986
"2",20.7294270674552,0.924680996278397
"3",25.7723106314655,1.74551364521786
"4",31.456669308782,2.16588681247411
"5",36.7345487063797,2.65477987580064
"6",46.6996422982339,3.41756177586388
"7",54.2639676442494,3.955464836049
"8",72.549183992846,5.03132133369841
"9",80.1452655325895,5.61816583696009
"10",100.977328618174,6.44953594751612
"11",107.036410381481,6.75274266470899
"12",122.971668394204,6.98748360963811
