"","Time","Abundance"
"1",0,0.00342877092823359
"2",16.9939649391704,4.62130597701384
"3",24.8357122329725,7.85777423306094
"4",43.2436057093591,11.9959852958774
"5",50.7404923843279,12.2053112094205
"6",75.0838202892997,13.8477145486047
"7",90.9742312482038,13.8477145486047
"8",67.803429447265,12.3663311434375
