"","Time","Abundance"
"1",71.5330415689106,0.320784144574014
"2",146.00941967956,1.73025185740699
"3",223.008031041328,5.09504375398933
"4",297.249418476408,6.06193901160832
"5",370.112193948144,6.69766335454436
"6",443.272624275602,7.24049003996799
"7",514.960446369488,7.10074928754681
