"","Time","Abundance"
"1",0.000849295085079582,4.30201587598748
"2",0.302848635632425,5.26697614469888
"3",0.796608814683812,6.20131987151062
"4",1.19936452744222,7.62582224399052
"5",1.40093722210565,8.63676209748118
"6",1.80726996592828,8.54485843624026
