"","Time","Abundance"
"1",0.00324825986078903,3.98447514711497
"2",0.201392111368909,5.28351510933972
"3",0.652900232018562,7.50728871880719
"4",0.805568445475638,8.32149155467885
"5",1.00371229698376,8.79245266781023
"6",1.20185614849188,8.51341426261804
"7",1.40324825986079,8.51566194088432
