"","Time","Abundance"
"1",0.00911914359347055,3.99596615764288
"2",0.99530826670191,3.88782561496148
"3",2.00634375206502,3.69291576272102
"4",3.01817220643627,3.58459276514515
"5",4.00634375206502,3.69291576272102
"6",4.99729068922223,4.10429245535271
"7",6.01652018766934,4.80412515692441
