"","Time","Abundance"
"1",-0.011600928074246,3.77958696605173
"2",1.0092807424594,4.22176522511273
"3",1.9953596287703,4.99814594465707
"4",2.99303944315545,5.80632229262867
"5",3.9907192575406,6.63041478343772
"6",4.292343387471,6.62945507464895
"7",4.98839907192575,7.2158747027482
