"","Time","Abundance"
"1",0.0016256157635467,3.71883333597703
"2",0.201576354679803,4.6250336716146
"3",0.649285714285714,7.60937670283783
"4",0.794384236453202,8.31250084296621
"5",0.995320197044335,8.59375063630435
"6",1.19652709359606,8.70312557037955
