"","Time","Abundance"
"1",0.00359270856851168,3.92429213701395
"2",1.01037566381671,3.91920772052123
"3",2.02069243077165,4.82315543573684
"4",2.99131271288762,6.0152037755741
"5",4.20494144670325,6.72119130352886
"6",5.00970816604989,7.24742816182203
"7",5.81441598853474,7.75851451747308
