"","Time","Abundance"
"1",0,4.30132660818296
"2",0.302059496567505,4.61770302091644
"3",0.906178489702517,7.29411762976875
"4",1.20823798627002,8.30482832540133
"5",1.40503432494279,9.02664096512382
"6",1.80778032036613,9.30438810954418
