"","Time","Abundance"
"1",5239.50392536125,0.419372998065349
"2",6941.95016497895,1.77598278419486
"3",8063.57947434293,3.63645412851651
"4",11123.5863010581,5.33691491892042
"5",12325.9073842303,5.51873035382398
"6",13608.7837069064,6.01070361022103
"7",25.3953805893732,-0.0178876003580458
