"","Time","Abundance"
"1",25.2631578947348,0.00342877092823359
"2",2902.70996640538,1.79844113268579
"3",4129.85442329227,2.94698883790451
"4",5275.16237402016,3.61711353603633
"5",7061.32138857784,5.02129925082443
"6",8257.69316909295,5.7340536607288
"7",9377.20044792834,6.36170805731989
"8",11146.1590145577,6.40426100177727
