"","Time","Abundance"
"1",0,0.00342877092823359
"2",1187.50279955208,2.0110981034817
"3",3038.29787234043,6.53191989520085
"4",4185.48712206047,7.35106603452173
