"","Time","Abundance"
"1",24.6160455375375,0.0137040457750699
"2",643.625818923856,2.56303995640931
"3",727.784341101927,3.43583178727437
"4",1056.94340027924,6.31705055660461
"5",1308.13016861777,6.83063414714652
"6",2837.93362689292,7.76458098762676
