"","Time","Abundance"
"1",2873.36443281374,1.07069670584373
"2",25.3953805893732,-0.0178876003580458
"3",4081.69302537262,1.72253879308439
"4",5185.98247809762,2.22497018485009
"5",7044.35089316191,3.79686852371103
"6",12410.4221185573,6.13904484167649
