"","Time","Abundance"
"1",-25.2631578947403,0.00342877092823359
"2",2904.4568868981,1.93666555758585
"3",4210.34714445689,3.31927320670848
"4",5305.93505039194,4.05325113677054
"5",7017.37961926092,5.5425666432783
"6",8265.89025755879,6.38298452823464
