"","Time","Abundance"
"1",25.3953805893732,-0.0178876003580458
"2",1135.6923427011,2.95205107438592
"3",2761.13323472522,6.27808131317491
"4",4052.06508135169,7.40107161591304
