"","Time","Abundance"
"1",527.841620207076,3.33702048011873
"2",998.475366935942,6.20321550419239
"3",1294.20866992832,7.36898612279652
"4",2835.40789623393,8.09625773095379
