"","Time","Abundance"
"1",0.134378499440572,0.0140308473266474
"2",515.341545352745,2.79808162502315
"3",653.079507278841,3.70221239230831
"4",1076.10302351625,7.19149194788079
"5",1333.43784994401,7.56383156942119
"6",2904.99440089586,7.97872458123084
