"","Time","Abundance"
"1",0.134378499440572,0.0140308473266474
"2",686.270996640542,0.332253970208823
"3",1185.21836506159,1.83033816489641
"4",2834.31131019037,6.38298452823464
