"","Time","Abundance"
"1",0,0.00342877092823359
"2",617.076576092797,2.39490027463728
"3",723.917946514878,3.12011729043838
"4",1103.72677478252,6.13769402577454
"5",3009.3437869187,7.76307739192574
