"","Time","Abundance"
"1",0,-0.00722961189758152
"2",1150.3015132552,2.09667876846709
"3",2906.95187165775,5.70054624538832
"4",4123.33598816703,6.98396040189821
