"","Time","Abundance"
"1",550.233246103083,1.09206216449352
"2",610.717942883149,1.82942843776452
"3",1311.00238935032,6.68449627243439
"4",2833.22334736602,7.92513493160944
"5",-0.136534304244151,-0.0178876003580458
