"","Time","Abundance"
"1",1144.06615830738,1.43288950335282
"2",2820.53485125121,6.34368555634544
"3",3987.92825690044,7.68080923231185
"4",24.4871657179674,0.00321470654541557
