"","Time","Abundance"
"1",-0.00730599825074663,4.50119292989512
"2",1.01770198859322,4.70300434678488
"3",1.99925106971337,4.71535869545072
"4",3.01327649144492,6.02328800390248
"5",4.99758561634868,8.41811858668135
"6",6.990473397263,9.43820828755524
"7",7.97018419495232,9.24515192463191
"8",8.99533358821404,9.46277109941146
