"","Time","Abundance"
"1",0.00324825986078903,4.50007440636952
"2",0.201392111368909,4.79915097057288
"3",0.652900232018562,6.11666940910607
"4",0.802320185614849,6.63395898275767
"5",1.00046403712297,7.21429342114858
"6",1.20185614849188,8.01341470993198
"7",1.40324825986079,8.6250368696052
