"","Time","Abundance"
"1",0,5.2052290454159
"2",0.302059496567506,5.08930598766706
"3",0.906178489702517,7.62162789496789
"4",1.20823798627002,7.99041815888583
"5",1.40045766590389,8.89560667798026
"6",1.80778032036613,9.47469373744348
