"","Time","Abundance"
"1",0,4.4158767719085
"2",0.99767981438515,5.20813417068285
"3",1.98375870069606,6.09589467888176
"4",2.99303944315545,7.60404094417754
"5",3.9907192575406,8.7304108060289
"6",4.28074245939675,9.31812412191237
"7",4.98839907192575,9.63405422188347
