"","Time","Abundance"
"1",-0.000123152709359586,4.82815248205594
"2",0.200344827586207,5.40626541612922
"3",0.645911330049261,8.00000115219802
"4",0.794261083743842,8.39062577961633
"5",0.992266009852217,8.78125052751486
"6",1.19573891625616,9.20312534595272
