"","Time","Abundance"
"1",0.0259692991732128,5.00461684782944
"2",1.04538725241864,5.80318471894818
"3",1.83944284049047,6.70941855092823
"4",2.64896688422513,7.93443366829205
"5",3.74309575687227,9.24882851505654
