"","Time","Abundance"
"1",0.0141465533287821,5.50662187362434
"2",2.01414655332878,5.50662187362434
"3",3.00006204628653,5.50662187362434
"4",4.02469442203884,6.62996048163195
"5",5.02177824657195,7.81938464019423
"6",7.02847924551716,8.53304032370841
"7",9.03493205931625,9.22026465725447
"8",10.022957126016,9.44493419234908
"9",12.0519947881119,9.53744518156223
