"","Time","Abundance"
"1",21.4562674802949,0.28278523010663
"2",26.1600559369438,0.764884749169865
"3",32.1033562166285,1.46456245207346
"4",38.0307653190948,2.14050060160256
"5",47.7402745995423,2.7321076171544
"6",55.7891558606661,4.13290532196261
"7",74.6122552758708,5.24397948507893
"8",82.287693872362,6.07730256634882
"9",103.097190439868,6.87439968642499
"10",109.350368675312,7.21256291872884
"11",124.868103229087,7.46618553986983
