"","Time","Abundance"
"1",6.98924731182797,1.15387211968909
"2",12.3655913978495,1.6198348460824
"3",18.8172043010753,1.91186062683941
"4",24.7311827956989,3.14543418836515
"5",31.1827956989247,4.60030958327305
"6",37.0967741935484,5.19469271692607
"7",43.5483870967742,6.0333915799405
"8",49.4623655913979,6.6626700549898
"9",55.9139784946236,6.8269604628685
