"","Time","Abundance"
"1",13.9784946236559,0.0530250345342364
"2",38.1720430107527,0.0470431412965863
"3",62.3655913978494,1.46878298734859
"4",74.7311827956989,2.30841854539938
"5",86.5591397849463,3.62487274161688
"6",98.9247311827957,4.15096682266737
"7",111.290322580645,5.49101191292259
"8",121.505376344086,6.17942697027238
"9",158.064516129032,7.0949015731223
"10",170.967741935484,7.37697139066401
"11",198.387096774194,7.41823161890493
