"","Time","Abundance"
"1",26.3440860215053,1.47203123388027
"2",36.5591397849462,1.4627862464759
"3",45.6989247311828,1.96459772593427
"4",52.6881720430108,3.52398223519952
"5",69.8924731182796,4.91162818180999
"6",77.4193548387096,5.459879577608
"7",97.3118279569892,6.37147373900155
"8",103.225806451613,6.38447691395322
"9",118.817204301075,7.05089069853376
