"","Time","Abundance"
"1",98.9247311827957,0.0495355825561964
"2",147.849462365591,0.362358486544277
"3",172.58064516129,0.739450420989657
"4",222.043010752688,1.63370394587814
"5",270.967741935484,2.13319014377106
"6",320.430107526882,3.214191554205
"7",394.086021505376,4.66144782136588
"8",467.741935483871,5.94599548274296
"9",566.666666666667,6.7131824669746
