"","Time","Abundance"
"1",8.71324437855202,0.912178597976909
"2",22.2108969607116,1.42805393116311
"3",26.9057326414628,1.89722889003325
"4",32.5349023968372,2.12013060834
"5",38.2721769211762,2.50732216959063
"6",47.3066468989375,2.90629110465083
"7",55.6307141092167,3.8920888579941
"8",74.9042500617741,5.68780506054287
"9",82.4484185816654,6.32160241643856
"10",103.042377069434,7.62441482296182
"11",109.088522362244,7.64788896244807
"12",125.02625401532,7.70657431506826
