"","Time","Abundance"
"1",50.3335804299481,0.0104470039130865
"2",100.216209537929,-0.00124995714999335
"3",150.600753644675,0.748105688622633
"4",176.738942426489,1.31078559523222
"5",227.069434148752,1.97934788172884
"6",277.894119100568,2.5659916634267
"7",328.541203360514,3.71604600990987
"8",404.191376328144,4.53759543385609
"9",480.065480602916,5.69954201400247
"10",581.467753891772,6.49765775807833
