"","Time","Abundance"
"1",50.3384820747521,0.0178722738432775
"2",150.119183829138,0.0178722738432775
"3",176.085367404017,0.318924997503267
"4",226.444508009153,1.03021219521414
"5",277.19298245614,2.33366634321972
"6",327.440884820748,2.8770049948106
"7",403.217963386728,3.05813237165825
"8",478.4706331045,3.2754921512922
"9",578.489702517162,2.80455575998399
"10",653.750317823544,3.03398172692905
