"","Time","Abundance"
"1",6.9526809982703,0.736387790193709
"2",13.2613664442797,1.15835606595705
"3",19.7939831974302,1.92069111665099
"4",26.836236718557,2.62466206625011
"5",34.1178650852484,4.52585877850666
"6",41.2759451445515,5.4061187047761
"7",47.7236224363726,6.03991428385636
"8",54.8199283419817,6.82629480597543
"9",61.5147022485792,7.83568210914324
