"","Time","Abundance"
"1",50.2113526570048,1.48869809180081
"2",64.2591533180778,2.007707744333
"3",76.8688024408848,2.84078024579597
"4",90.4875413170608,3.54116234191997
"5",102.993897787948,4.21744191972411
"6",115.214213068904,4.45897695224577
"7",126.53667683702,5.00243854536766
"8",164.047800661073,5.3526732696898
"9",177.015001271294,5.89614471113999
"10",205.801868802441,6.31884676904946
"11",37.7288329519451,0.0178722738432775
"12",26.9228324434274,0.258693927477371
