"","Time","Abundance"
"1",7.18599033816425,0.258693927477371
"2",13.2723112128146,1.17497432059854
"3",19.7002923976608,1.77835811193014
"4",27.2327103991863,3.22718939817891
"5",34.1294813119756,4.5435147923912
"6",40.565408085431,5.15944002185867
"7",47.184083396898,6.05314816964038
"8",54.5178616831934,7.20048565481102
"9",61.4225781845919,7.69565373599429
