"","Time","Abundance"
"1",151.442426488757,1.19353001870812
"2",227.285643686682,3.14099359533241
"3",303.700271806276,4.29112683200232
"4",379.597541388683,5.48827711307094
"5",455.131887818137,6.13381026430515
"6",530.643068939956,5.91080743001919
