"","Time","Abundance"
"1",150.484680905161,0.571988716814329
"2",226.706712433257,2.26122759759929
"3",304.295385202136,4.36236262733089
"4",379.667238749047,5.59421567320069
"5",454.840452580727,5.69083285418126
"6",530.379163488431,5.50967573733897
"7",605.464975845411,5.47344436619396
