"","Time","Abundance"
"1",74.1935483870968,0.333671040747493
"2",147.849462365591,0.0608764467624543
"3",222.043010752688,2.05207924854205
"4",295.698924731183,3.31307828113236
"5",369.354838709677,4.86499272957987
"6",443.548387096774,5.23107613235024
"7",517.204301075269,5.550525973303
"8",590.860215053763,5.70718820419122
