"","Time","Abundance"
"1",0.937866354044502,3.56380238257269
"2",22.9777256740914,3.87999410618936
"3",45.9554513481829,4.1960682712048
"4",75.0293083235639,5.1496170932331
"5",98.9449003516999,5.67834353907073
"6",168.815943728019,7.47755301409291
"7",237.749120750293,8.74498071711199
"8",313.716295427901,10.3838144286472
"9",383.118405627198,11.5979896052656
